rsid,Result
rs9275596,AA
rs2052129,GG
rs1049793,CC
rs1049742,TT
rs10156191,AG
rs3741049,GA
rs148639841,CT
rs120074141,TC
rs120074144,AA
rs120074147,GG
rs199524907,CC
rs762991875,TT
rs145229472,AG
rs797044633,GA
rs727503796,CT
rs398123097,TC
rs398123096,AA
rs879255505,GG
rs886041122,CC
rs120074140,TT
rs532190594,AG
rs120074146,GA
rs387906282,CT
rs387906283,TC
rs120074145,AA
rs794727475,GG
rs71565752,CC
rs41258114,TT
rs9347340,AG
rs3798211,GA
rs75757546,CT
rs3465,TC
rs25683,AA
rs146437481,GG
rs202015012,CC
rs192445956,TT
rs4351,AG
rs4329,GA
rs4311,CT
rs1815739,TC
rs1229984,AA
rs2066702,GG
rs698,CC
rs4822492,TT
rs3761422,AG
rs5751876,GA
rs553668,CT
rs121918607,TC
rs757966746,AA
rs121918608,GG
rs369428934,CC
rs1800435,TT
rs671,AG
rs3765310,GA
rs2760118,CT
rs62621664,TC
不明,AA
rs17602729,GG
rs429358,CC
rs7412,TT
rs11191439,AG
rs3740393,GA
rs2241880,CT
rs1131692265,TC
rs587776960,AA
rs587777788,GG
rs387906929,CC
rs2668207,TT
rs1803274,AG
rs1799807,GA
rs28933389,CT
rs28933390,TC
rs1126680,AA
rs7501331,GG
rs12934922,CC
rs11645428,TT
rs1799722,AG
rs56164415,GA
rs7103411,CT
rs6265,TC
rs11030101,AA
rs3733890,GG
rs6875201,CC
rs10402876,TT
rs1006737,AG
rs769217,GA
rs1001179,CT
rs7943316,TC
rs121964962,AA
rs121964963,GG
rs121964965,CC
rs121964967,TT
rs121964972,AG
rs375846341,GA
rs398123151,CT
rs2569191,TC
rs5882,AA
rs10791957,GG
rs1801260,CC
rs4680,TT
rs4633,AG
rs199765776,GA
rs3731570,CT
rs121918231,TC
rs121918233,AA
rs863223936,GG
rs767298430,CC
rs121918232,TT
rs6925344,AG
rs146934336,GA
rs6912105,CT
rs200092962,TC
rs9483838,AA
rs766317663,GG
rs775607037,CC
rs758522459,TT
rs143441644,AG
rs786204771,GA
rs397514479,CT
rs753489572,TC
rs864321686,AA
rs863223884,GG
rs863223887,CC
rs387906299,TT
rs387906298,AG
rs119468005,GA
rs119468008,CT
rs748118737,TC
rs755933881,AA
rs201908721,GG
rs199874519,CC
rs578189699,TT
rs119468004,AG
rs771578775,GA
rs119468009,CT
rs119468006,TC
rs886042265,AA
rs398122983,GG
rs398122981,CC
rs28493229,TT
rs398122978,AG
rs398122979,GA
rs398122980,CT
rs398122982,TC
rs786205897,AA
rs267606751,GG
rs5277,CC
rs119455950,TT
rs121909602,AG
rs397514585,GA
rs397514584,CT
rs1131857,TC
rs242924,AA
rs110402,GG
rs1021737,CC
rs28941786,TT
rs231775,AG
rs587777042,GA
rs587777041,CT
rs1048943,TC
rs1799814,AA
rs762551,GG
rs12720461,CC
rs72547517,TT
rs72547515,AG
rs1056836,GA
rs1800440,CT
rs10012,TC
rs1330554738,AA
rs72552757,GG
rs12530380,CC
rs7755898,TT
rs1801272,AG
rs3745274,GA
rs139801276,CT
rs2279343,TC
rs34097093,AA
rs36079186,GG
rs28399499,CC
rs373489637,TT
rs4803419,AG
rs186335453,GA
rs281864907,CT
rs113164681,TC
rs140278421,AA
rs12248560,GG
rs6413438,CC
rs55752064,TT
rs1057910,AG
rs1799853,GA
rs267608319,CT
rs28371737,TC
rs2031920,AA
rs2070676,GG
rs6413419,CC
rs1422405747,TT
rs202011621,AG
rs61495246,GA
rs2740574,CT
rs55785340,TC
rs4986910,AA
rs12721627,GG
rs4987161,CC
rs4986909,TT
rs4986907,AG
rs4646450,GA
rs776746,CT
rs45446698,TC
rs4646465,AA
rs2108622,GG
rs3741775,CC
rs2070586,TT
rs2111902,AG
rs2391191,GA
rs793862,CT
rs807701,TC
rs121913223,AA
rs387906619,GG
rs5326,CC
rs1076560,TT
rs6277,AG
rs1800497,GA
rs11246226,CT
rs916455,TC
rs4331145,AA
rs1800955,GG
rs1648305,CC
rs141154319,TT
rs751561010,AG
rs369560581,GA
rs748291379,CT
rs953413,TC
rs9340799,AA
rs61816761,GG
rs1250229,CC
rs116558455,TT
rs140926439,AG
rs2071010,GA
rs651933,CT
rs2802292,TC
rs1935949,AA
rs479744,GG
rs601338,CC
rs1800028,TT
rs762516,AG
rs1050828,GA
rs1050829,CT
rs137852327,TC
rs137852329,AA
rs137852346,GG
rs137852349,CC
rs267606836,TT
rs137852320,AG
rs137852316,GA
rs137852317,CT
rs76723693,TC
rs78365220,AA
rs137852314,GG
rs387906468,CC
rs137852343,TT
rs137852326,AG
rs137852325,GA
rs72554665,CT
rs782090947,TC
rs137852336,AA
rs5030868,GG
rs137852322,CC
rs72554664,TT
rs137852330,AG
rs137852331,GA
rs137852335,CT
rs137852334,TC
rs5030869,AA
rs76645461,GG
rs5030872,CC
rs137852328,TT
rs137852347,AG
rs398123546,GA
rs137852345,CT
rs398123552,TC
rs137852338,AA
rs587776730,GG
rs782322505,CC
rs137852315,TT
rs137852318,AG
rs137852319,GA
rs137852321,CT
rs137852323,TC
rs137852324,AA
rs2279020,GG
rs121434579,CC
rs279871,TT
rs279858,AG
rs211037,GA
rs796052504,CT
rs3749034,TC
rs1978340,AA
rs3791878,GG
rs769390,CC
rs2241165,TT
rs104894433,AG
rs104894435,GA
rs104894436,CT
rs104894437,TC
rs104894438,AA
rs104894439,GG
rs104894440,CC
rs104894441,TT
rs104894442,AG
rs104894443,GA
rs104894444,CT
rs104894445,TC
rs137852633,AA
rs41298442,GG
rs886039379,CC
rs17883901,TT
rs761142,AG
rs41303970,GA
rs3756705,CT
rs146662850,TC
rs4561,AA
rs11135434,GG
rs3777209,CC
rs9314160,TT
rs1047420,AG
rs2657879,GA
rs2638315,CT
rs121909730,TC
rs10911021,AA
rs3448,GG
rs1050450,CC
rs2071566,TT
rs4902346,AG
rs3828599,GA
rs8177412,CT
rs713041,TC
rs1002149,AA
rs3779647,GG
rs3957356,CC
rs3957357,TT
rs366631,AG
rs7483,GA
rs4925,CT
rs1695,TC
rs267606861,AA
rs2073440,GG
rs1800562,CC
rs1799945,TT
rs7775228,AG
rs2395182,GA
rs2187668,CT
rs7454108,TC
rs9271588,AA
rs2858331,GG
rs4713586,CC
rs7192,TT
rs12995000,AG
rs758252808,GA
rs11558538,CT
rs745756308,TC
rs1050891,AA
rs901865,GG
rs2067474,CC
rs1009505922,TT
rs11662595,AG
rs2227956,GA
rs6313,CT
rs6314,TC
rs9657182,AA
rs4503083,GG
rs10109853,CC
rs2229765,TT
rs2069837,AG
rs1800871,GA
rs1800896,CT
rs3024505,TC
rs1800925,AA
rs1295686,GG
rs20541,CC
rs16944,TT
rs2069762,AG
rs11209026,GA
rs2243250,CT
rs2069812,TC
rs1800795,AA
rs1800796,GG
rs1800797,CC
rs4129267,TT
rs6481383,AG
rs4242382,GA
rs9676881,CT
rs11085735,TC
rs4504469,AA
rs3768844,GG
rs606231307,CC
rs758865880,TT
rs147475752,AG
rs780720490,GA
rs770642379,CT
rs6323,TC
rs1137070,AA
rs72554632,GG
rs796065312,CC
rs1799836,TT
rs4988235,AG
rs182549,GA
rs118203891,CT
rs118203894,TC
rs118203892,AA
rs118203893,GG
rs267606882,CC
rs267606883,TT
rs281865417,AG
rs387906732,GA
rs199476129,CT
rs1801133,TC
rs1801131,AA
rs12506228,GG
rs1805087,CC
rs1801394,TT
rs4944958,AG
rs12785878,GA
rs12800438,CT
rs1008561025,TC
rs368115694,AA
rs1327307171,GG
rs769220327,CC
rs189928649,TT
rs3829251,AG
rs15561,GA
rs6586714,CT
rs1474593589,TC
rs1275254501,AA
rs775745792,GG
rs1182777627,CC
rs770576147,TT
rs4986782,AG
rs1495741,GA
rs1208,CT
rs1799930,TC
rs1801280,AA
rs1801279,GG
rs1799931,CC
rs1041983,TT
rs1799929,AG
rs104894884,GA
rs797044914,CT
rs387906872,TC
rs863224079,AA
rs1057517914,GG
rs863224084,CC
rs757982865,TT
rs763006208,AG
rs781099275,GA
rs768333416,CT
rs786205225,TC
rs1057519073,AA
rs876657384,GG
rs104894270,CC
rs863224103,TT
rs372691318,AG
rs786205666,GA
rs863224100,CT
rs149271416,TC
rs397515447,AA
rs199422225,GG
rs199422224,CC
rs397515383,TT
rs863224099,AG
rs151279101,GA
rs387907199,CT
rs863224097,TC
rs370009373,AA
rs767122069,GG
rs201034481,CC
rs370411488,TT
rs150667550,AG
rs863224106,GA
rs863224107,CT
rs28939714,TC
rs104893898,AA
rs104893899,GG
rs121908985,CC
rs587776949,TT
rs267606913,AG
rs863224110,GA
rs863224111,CT
rs11551664,TC
rs104894705,AA
rs764276946,GG
rs863224114,CC
rs143337739,TT
rs397514617,AG
rs863224115,GA
rs121912638,CT
rs28939679,TC
rs371040282,AA
rs4795067,GG
rs2070744,CC
rs4827881,TT
rs5921682,AG
rs11018628,GA
rs1131341,CT
rs1800566,TC
rs10247064,AA
rs740094,GG
rs3801401,CC
rs2300415,TT
rs3735477,AG
rs7805156,GA
rs3735474,CT
rs2268308,TC
rs12155014,AA
rs17133537,GG
rs757702,CC
rs142839706,TT
rs710887,AG
rs2070606,GA
rs74673950,CT
rs17133935,TC
rs78889688,AA
rs6971483,GG
rs2070607,CC
rs77887092,TT
rs117706902,AG
rs117387922,GA
rs76446485,CT
rs73109436,TC
rs73109403,AA
rs62460464,GG
rs137852963,CC
rs137852960,TT
rs137852965,AG
rs137852964,GA
rs137852966,CT
rs137852962,TC
rs137852959,AA
rs137852969,GG
rs137852968,CC
rs137852961,TT
rs1250997630,AG
rs148987163,GA
rs28939088,CT
rs1057518915,TC
rs753376100,AA
rs137852967,GG
rs780551883,CC
rs863223343,TT
rs12325817,AG
rs854569,GA
rs854566,CT
rs854570,TC
rs854572,AA
rs854560,GG
rs854571,CC
rs662,TT
rs854555,AG
rs854552,GA
rs2267668,CT
rs1053049,TC
rs2016520,AA
rs587781720,GG
rs200397144,CC
rs142441643,TT
rs786205210,AG
rs786205145,GA
rs786205209,CT
rs876658486,TC
rs781764920,AA
rs387906780,GG
rs151170408,CC
rs886041867,TT
rs137852767,AG
rs9809219,GA
rs766667009,CT
rs748089700,TC
rs746165168,AA
rs878854632,GG
rs878854628,CC
rs878854627,TT
rs876659595,AG
rs397514541,GA
rs137852768,CT
rs528442805,TC
rs202101384,AA
rs267607032,GG
rs751000085,CC
rs794728948,TT
rs794728950,AG
rs747518441,GA
rs876660642,CT
rs876658540,TC
rs727504457,AA
rs1131691051,GG
rs200245469,CC
rs786201063,TT
rs786201085,AG
rs786201095,GA
rs786203506,CT
rs794728947,TC
rs74315366,AA
rs876658451,GG
rs876658367,CC
rs121917755,TT
rs786202100,AG
rs1131691058,GA
rs786202732,CT
rs876659330,TC
rs772551056,AA
rs74315367,GG
rs587782703,CC
rs1131691061,TT
rs74315368,AG
rs786203251,GA
rs398122805,CT
rs398123690,TC
rs864321639,AA
rs878854576,GG
rs786201161,CC
rs864321636,TT
rs138996609,AG
rs864321637,GA
rs864321638,CT
rs587782904,TC
rs876658461,AA
rs727503415,GG
rs587781270,CC
rs570278423,TT
rs876659329,AG
rs587782617,GA
rs876659491,CT
rs876660368,TC
rs878854572,AA
rs397516833,GG
rs111430410,CC
rs397516835,TT
rs397516836,AG
rs74315371,GA
rs878854575,CT
rs878854574,TC
rs786203800,AA
rs587782604,GG
rs786203457,CC
rs764575966,TT
rs755235380,AG
rs1057517818,GA
rs587776653,CT
rs786202200,TC
rs876658301,AA
rs786205146,GG
rs756676111,CC
rs201286421,TT
rs34713741,AG
rs28665122,GA
s28665122,CT
rs17806333,TC
rs34095989,AA
rs224589,GG
rs606231302,CC
rs606231310,TT
rs387906403,AG
rs606231300,GA
rs72552271,CT
rs606231172,TC
rs606231299,AA
rs1051266,GG
rs2228622,CC
rs301430,TT
rs11126936,AG
rs879253763,GA
rs11568350,CT
rs11568351,TC
rs104893664,AA
rs1042173,GG
rs4149056,CC
rs3746544,TT
rs6296,AG
rs27072,GA
rs2141124542,CT
rs2069578995,TC
rs1244284678,AA
rs2069586831,GG
rs2069587477,CC
rs121912442,TT
rs121912443,AG
rs121912441,GA
rs121912445,CT
rs4998557,TC
rs5746136,AA
rs4880,GG
rs2855262,CC
rs1799895,TT
rs104893665,AG
rs104893666,GA
rs121917746,CT
rs121917747,TC
rs387907200,AA
rs398122922,GG
rs587776777,CC
rs10181656,TT
i6018900,AG
rs9282861,GA
rs1968752,CT
rs1042028,TC
rs1042157,AA
rs11569775,GG
rs10797300,CC
rs138147609,TT
rs1059491,AG
rs1402467,GA
rs3736599,CT
rs2547231,TC
rs140526640,AA
rs1303127476,GG
rs1114167425,CC
rs526934,TT
rs34324219,AG
rs1801198,GA
rs1461973241,CT
rs9606756,TC
rs80338892,AA
rs855791,GG
rs1800629,CC
rs361525,TT
rs1799964,AG
rs3758391,GA
rs1799913,CT
rs4570625,TC
rs1843809,AA
rs3761847,GG
rs75932628,CC
rs143332484,TT
rs659366,AG
rs660339,GA
rs887829,CT
rs34983651,TC
rs6742078,AA
rs34946978,GG
rs45625338,CC
rs3821242,TT
rs17868336,AG
rs28898617,GA
rs45449995,CT
rs2011425,TC
rs4124874,AA
rs587776764,GG
rs3806597,CC
rs11891311,TT
rs6759892,AG
rs2070959,GA
rs1042708,CT
rs1105879,TC
rs1105880,AA
rs17863783,GG
rs11692021,CC
rs1902023,TT
rs863224259,AG
rs886043294,GA
rs863224257,CT
rs863224258,TC
rs11544803,AA
rs121909791,GG
rs121909798,CC
rs121909799,TT
rs121909792,AG
rs121909800,GA
rs121909793,CT
rs121909790,TC
rs2228001,AA
rs121918299,GG
rs587777521,CC
rs746830415,TT